url,status,bodySize,cacheControl
http://adserv.quality-channel.de/5/www.spiegel.de/homepage/center/L30/1040878496/x02/qc/ON01X6960XLOGOBOX/ON01X6960XLOGOBOX_02.html/53454a7a446c4c3734443441412b516c?_RM_EMPTY_,200,43,0
http://adserv.quality-channel.de/5/www.spiegel.de/homepage/center/L30/1226486451/RightRei/qc/ON05XX6993XX3/ON05XX6993XX3_04.html/53454a7a446c4c3734443441412b516c?_RM_EMPTY_,200,43,0
http://adserv.quality-channel.de/5/www.spiegel.de/homepage/center/L30/1468628887/x05/qc/ON01X6684XLOGOBOXHOME/ON52X5958XLOGOBOX_09.html/53454a7a446c4c3734443441412b516c?_RM_EMPTY_,200,43,0
http://adserv.quality-channel.de/5/www.spiegel.de/homepage/center/L30/1601340436/Middle/qc/sp-zaehler-011/zaehler.gif/53454a7a446c4c373448514142534939?_RM_EMPTY_&,200,43,0
http://adserv.quality-channel.de/5/www.spiegel.de/homepage/center/L30/1800221137/Middle/qc/sp-zaehler-011/zaehler.gif/53454a7a446c4c3734443441412b516c?_RM_EMPTY_&,200,43,0
http://adserv.quality-channel.de/5/www.spiegel.de/homepage/center/L30/1871600159/x03/qc/ON02XX6993XX4/ON02XX6993XX4_10.html/53454a7a446c4c373448514142534939?_RM_EMPTY_,200,43,0
http://adserv.quality-channel.de/5/www.spiegel.de/homepage/center/L30/1878699852/Middle4/qc/ON01X6971XBILLBOARDHOME01/ON01X6971XBILLBOARDHOME01_01.html/53454a7a446c4c3734443441412b516c?_RM_EMPTY_,200,43,0
http://adserv.quality-channel.de/5/www.spiegel.de/homepage/center/L30/1907975040/RightRei/qc/ON05XX6993XX3/ON05XX6993XX3_04.html/53454a7a446c4c373448514142534939?_RM_EMPTY_,200,43,0
http://adserv.quality-channel.de/5/www.spiegel.de/homepage/center/L30/21534124/TopRight/qc/flash-test-spon/flash-test-spon_5.html/53454a7a446c4c3734443441412b516c?_RM_EMPTY_,200,43,0
http://adserv.quality-channel.de/5/www.spiegel.de/homepage/center/L30/247833878/Middle4/qc/ON01X6971XBILLBOARDHOME01/ON01X6971XBILLBOARDHOME01_01.html/53454a7a446c4c373448514142534939?_RM_EMPTY_,200,43,0
http://adserv.quality-channel.de/5/www.spiegel.de/homepage/center/L30/361764624/Bottom/qc/container-eCommerce-spon-Logobox/container-eCommerce-spon-Logobox_01.html/53454a7a446c4c373448514142534939?_RM_EMPTY_,200,43,0
http://adserv.quality-channel.de/5/www.spiegel.de/homepage/center/L30/381966890/x01/qc/ON01X6978XLOGOBOX/ON01X6978XLOGOBOX_02.html/53454a7a446c4c373448514142534939?_RM_EMPTY_,200,43,0
http://adserv.quality-channel.de/5/www.spiegel.de/homepage/center/L30/419319386/x21/qc/ON23XX4454XX2013X21/ON23XX4454XX2013X21_34.html/53454a7a446c4c373448514142534939?_RM_EMPTY_,200,43,0
http://adserv.quality-channel.de/5/www.spiegel.de/homepage/center/L30/584889409/RightWis/qc/ON02X20005XX1/ON02X20005XX1_04.html/53454a7a446c4c3734443441412b516c?_RM_EMPTY_,200,43,0
http://adserv.quality-channel.de/5/www.spiegel.de/homepage/center/L30/591335164/Bottom/qc/container-eCommerce-spon-Logobox/container-eCommerce-spon-Logobox_01.html/53454a7a446c4c3734443441412b516c?_RM_EMPTY_,200,43,0
http://adserv.quality-channel.de/5/www.spiegel.de/homepage/center/L30/66259559/RightWis/qc/ON02X20005XX1/ON02X20005XX1_04.html/53454a7a446c4c373448514142534939?_RM_EMPTY_,200,43,0
http://adserv.quality-channel.de/5/www.spiegel.de/homepage/center/L30/738741357/x05/qc/ON01X6684XLOGOBOXHOME/ON52X5958XLOGOBOX_09.html/53454a7a446c4c373448514142534939?_RM_EMPTY_,200,43,0
http://adserv.quality-channel.de/5/www.spiegel.de/homepage/center/L30/781139365/x02/qc/ON01X6960XLOGOBOX/ON01X6960XLOGOBOX_02.html/53454a7a446c4c373448514142534939?_RM_EMPTY_,200,43,0
http://adserv.quality-channel.de/5/www.spiegel.de/homepage/center/L30/817036381/x03/qc/ON02XX6993XX4/ON02XX6993XX4_10.html/53454a7a446c4c3734443441412b516c?_RM_EMPTY_,200,43,0
http://adserv.quality-channel.de/5/www.spiegel.de/homepage/center/L30/859200780/Top1/qc/ON01X7005XBEZFUELLER14/ON01X7005XBEZFUELLER14_01.html/53454a7a446c4c3734443441412b516c?_RM_EMPTY_,200,43,0
http://adserv.quality-channel.de/5/www.spiegel.de/homepage/center/L30/885477421/x01/qc/ON01X6978XLOGOBOX/ON01X6978XLOGOBOX_02.html/53454a7a446c4c3734443441412b516c?_RM_EMPTY_,200,43,0
http://adserv.quality-channel.de/5/www.spiegel.de/homepage/center/L30/899160879/x21/qc/ON23XX4454XX2013X21_A/ON23XX4454XX2013X21_A_05.html/53454a7a446c4c3734443441412b516c?_RM_EMPTY_,200,43,0
http://adserv.quality-channel.de/5/www.spiegel.de/homepage/center/L30/926171892/TopRight/qc/flash-test-spon/flash-test-spon_5.html/53454a7a446c4c373448514142534939?_RM_EMPTY_,200,43,0
http://adserv.quality-channel.de/5/www.spiegel.de/homepage/center/L30/946047949/Top1/qc/ON01X7005XBEZFUELLER14/ON01X7005XBEZFUELLER14_01.html/53454a7a446c4c373448514142534939?_RM_EMPTY_,200,43,0
http://adserv.quality-channel.de/images/backgroundClicker_on4.js,200,3976,0
http://adserv.quality-channel.de/images/blocker.gif,200,43,0
http://adserv.quality-channel.de/images/heftwerbung/spon/WP120_SP_120x600.gif,200,29516,0
http://adserv.quality-channel.de/images/heftwerbung/spon/WP120_SP_910x110.gif,200,36147,0
http://adserv.quality-channel.de/images/qcStickySky_on.js,200,1156,0
http://adserv.quality-channel.de/images/qcSwf.js,200,1673,0
http://adserv.quality-channel.de/RealMedia/ads/adstream_lx.ads/www.spiegel.de/homepage/center/L30/1167688547/x04/qc/ON52X5959XLOGOBOX/ON52X5959XLOGOBOX_12.html/53454a7a446c4c373448514142534939?_RM_EMPTY_,200,43,0
http://adserv.quality-channel.de/RealMedia/ads/adstream_lx.ads/www.spiegel.de/homepage/center/L30/1821140482/x04/qc/ON52X5959XLOGOBOX/ON52X5959XLOGOBOX_12.html/53454a7a446c4c3734443441412b516c?_RM_EMPTY_,200,43,0
http://adserv.quality-channel.de/RealMedia/ads/adstream_lx.ads/www.spiegel.de/homepage/center/L30/21534124/x55/qc/flash-test/flash0.gif/53454a7a446c4c3734443441412b516c?_RM_EMPTY_,200,43,0
http://adserv.quality-channel.de/RealMedia/ads/adstream_lx.ads/www.spiegel.de/homepage/center/L30/926171892/x55/qc/flash-test/flash0.gif/53454a7a446c4c373448514142534939?_RM_EMPTY_,200,43,0
http://adserv.quality-channel.de/RealMedia/ads/adstream_mjx.ads/www.spiegel.de/homepage/center/1623505858@BottomBottom1Bottom2Bottom3LeftMiddleMiddle1Middle2Middle3Middle4Position1Position2RightRight1Right2Right3Right4Right5RightAutRightEinRightGesRightKarRightKulRightNetRightPanRightPolRightReiRightSpaRightSpoRightUniRightWirRightWisSpezialSub1Sub2Top1Top2TopRightVMiddle2VMiddleVRightx01x02x03x04x05x06x07x08x09x10x11x12x20x21x22x23x70,200,48947,0
http://adserv.quality-channel.de/RealMedia/ads/adstream_mjx.ads/www.spiegel.de/homepage/center/1719232267@BottomBottom1Bottom2Bottom3LeftMiddleMiddle1Middle2Middle3Middle4Position1Position2RightRight1Right2Right3Right4Right5RightAutRightEinRightGesRightKarRightKulRightNetRightPanRightPolRightReiRightSpaRightSpoRightUniRightWirRightWisSpezialSub1Sub2Top1Top2TopRightVMiddle2VMiddleVRightx01x02x03x04x05x06x07x08x09x10x11x12x20x21x22x23x70,200,48917,0
http://adserv.quality-channel.de/RealMedia/ads/cap.cgi?c=flashspon&e=1d&dv=1,302,43,0
http://adserv.quality-channel.de/RealMedia/ads/Creatives/default/empty.gif,200,43,0
http://adserv.quality-channel.de/RealMedia/ads/Creatives/qc/ON01X6684XLOGOBOXHOME/NEUDE_Logo_Adjustment_Web_140x40.jpg,200,27055,0
http://adserv.quality-channel.de/RealMedia/ads/Creatives/qc/ON01X6960XLOGOBOX/immowelt_logo_fin.jpg,200,7859,0
http://adserv.quality-channel.de/RealMedia/ads/Creatives/qc/ON01X6971XBILLBOARDHOME01/01_LOTTO_6aus49_171213.gif,200,28692,0
http://adserv.quality-channel.de/RealMedia/ads/Creatives/qc/ON01X6978XLOGOBOX/logo-monster-neu.jpg,200,9175,0
http://adserv.quality-channel.de/RealMedia/ads/Creatives/qc/ON02X20005XX1/W_RB_1_230_230.gif,200,37158,0
http://adserv.quality-channel.de/RealMedia/ads/Creatives/qc/ON02XX6993XX4/logobox_140x40_URL.gif,200,2163,0
http://adserv.quality-channel.de/RealMedia/ads/Creatives/qc/ON05XX6993XX3/071_230x230.gif,200,21916,0
http://adserv.quality-channel.de/RealMedia/ads/Creatives/qc/ON23XX4454XX2013X21/ON23XX4454XX2013X21_35.html?url=http://adserv.quality-channel.de/RealMedia/ads/click_lx.ads/www.spiegel.de/homepage/center/L30/419319386/x21/qc/ON23XX4454XX2013X21/ON23XX4454XX2013X21_34.html/53454a7a446c4c373448514142534939?&path=http://adserv.quality-channel.de/RealMedia/ads/Creatives/qc/ON23XX4454XX2013X21/,200,1931,0
http://adserv.quality-channel.de/RealMedia/ads/Creatives/qc/ON23XX4454XX2013X21/VB_SP_230x112_NVG.gif,200,19053,0
http://adserv.quality-channel.de/RealMedia/ads/Creatives/qc/ON23XX4454XX2013X21_A/ON23XX4454XX2013X21_A_06.html?url=http://adserv.quality-channel.de/RealMedia/ads/click_lx.ads/www.spiegel.de/homepage/center/L30/899160879/x21/qc/ON23XX4454XX2013X21_A/ON23XX4454XX2013X21_A_05.html/53454a7a446c4c3734443441412b516c?&path=http://adserv.quality-channel.de/RealMedia/ads/Creatives/qc/ON23XX4454XX2013X21_A/,200,1875,0
http://adserv.quality-channel.de/RealMedia/ads/Creatives/qc/ON23XX4454XX2013X21_A/VB_digiSP_230x112_iPad_Mini.gif,200,15229,0
http://adserv.quality-channel.de/RealMedia/ads/Creatives/qc/ON52X5959XLOGOBOX/verivox-neu.png,200,6921,0
http://adserv.quality-channel.de/RealMedia/ads/Creatives/qc/sp-zaehler-011/zaehler.gif,200,43,0
http://c.spiegel.de/nm_empty.gif?url=http%3A//www.spiegel.de/&referrer=&sp.site=1&sp.atyp=1000&sp.szw=1001&sp.aid=18&sp.channel=18&sp.be=homepage/center,200,43,0
http://c.spiegel.de/nm_empty.gif?url=http%3A//www.spiegel.de/&referrer=&sp.site=1&sp.atyp=1000&sp.szw=1001&sp.aid=18&sp.channel=18&sp.be=homepage/center&sp.vc2=0-3,200,43,0
http://c.spiegel.de/nm_trck.gif?url=http%3A//www.spiegel.de/&referrer=&sp.site=1&sp.atyp=1000&sp.szw=1001&sp.aid=18&sp.channel=18&sp.be=homepage/center,302,420,0
http://c.spiegel.de/nm_trck.gif?url=http%3A//www.spiegel.de/&referrer=&sp.site=1&sp.atyp=1000&sp.szw=1001&sp.aid=18&sp.channel=18&sp.be=homepage/center&sp.vc2=0-3,302,435,0
http://cdn1.spiegel.de/images/image-199594-hpcolumnright-lyna.jpg,200,16234,259200
http://cdn1.spiegel.de/images/image-427120-hpcpleftcolumn-bbcl.jpg,200,1957,259200
http://cdn1.spiegel.de/images/image-504614-thumb-ispm.jpg,200,11994,259200
http://cdn1.spiegel.de/images/image-573804-hpcolumnright-ykxx.jpg,200,19494,259200
http://cdn1.spiegel.de/images/image-573918-hpcolumnright-flnp.jpg,200,3441,259200
http://cdn1.spiegel.de/images/image-656198-hpcolumnright-tipm.jpg,200,13453,259200
http://cdn1.spiegel.de/images/image-656774-thumb-nsvv.jpg,200,15196,259200
http://cdn1.spiegel.de/images/image-656898-hpcolumnrightsquare-ggou.jpg,200,12503,259200
http://cdn1.spiegel.de/images/image-657094-videothumbmultimedia-ovos.jpg,200,7574,259200
http://cdn1.spiegel.de/images/image-657204-hpcolumnright-zepi.jpg,200,5772,259200
http://cdn1.spiegel.de/images/image-657234-hpcolumnright-ljuq.jpg,200,25227,259200
http://cdn1.spiegel.de/images/image-657324-thumb-jvlg.jpg,200,8962,259200
http://cdn1.spiegel.de/images/image-657344-thumb-fsze.jpg,200,12307,259200
http://cdn1.spiegel.de/images/image-657350-thumb-iysm.jpg,200,11896,259200
http://cdn2.spiegel.de/images/image-590285-hpcpleftcolumn-gomd.jpg,200,10437,259200
http://cdn2.spiegel.de/images/image-656785-thumb-svts.jpg,200,15773,259200
http://cdn2.spiegel.de/images/image-656961-hpcolumnright-qlrz.jpg,200,22603,259200
http://cdn2.spiegel.de/images/image-657011-videothumb-wkgf.jpg,200,12290,259200
http://cdn2.spiegel.de/images/image-657079-hpressortboxleft-tokx.jpg,200,5265,259200
http://cdn3.spiegel.de/images/image-126816-hpcolumnrightsquare-ijsr.jpg,200,12752,259200
http://cdn3.spiegel.de/images/image-429066-thumbsmall-stmf.png,200,12292,259200
http://cdn3.spiegel.de/images/image-457196-thumb-dpwg.jpg,200,9898,259200
http://cdn3.spiegel.de/images/image-656192-hpcolumnright-kjrn.jpg,200,19029,259200
http://cdn3.spiegel.de/images/image-656332-thumbbiga-kdrk.jpg,200,10339,259200
http://cdn3.spiegel.de/images/image-657042-thumbbiga-pjfg.jpg,200,7956,259200
http://cdn4.spiegel.de/images/image-545323-custom-elju.jpg,200,9219,259200
http://cdn4.spiegel.de/images/image-656713-videothumbmultimedia-tysy.jpg,200,4056,259200
http://cdn4.spiegel.de/images/image-656803-hpressortboxleft-htwi.jpg,200,7109,259200
http://cdn4.spiegel.de/images/image-656857-videothumbmultimedia-uqje.jpg,200,8498,259200
http://cdn4.spiegel.de/images/image-656947-hpressortboxleft-vcyu.jpg,200,7444,259200
http://cdn4.spiegel.de/images/image-657087-hpcolumnright-hfiw.jpg,200,7533,259200
http://cdn4.spiegel.de/images/image-657217-thumb-luta.jpg,200,10669,259200
http://cdn4.spiegel.de/images/image-657323-breitwandaufmacher-ocax.jpg,200,27355,259200
http://d.refinedads.com/d.rfa?v=x1&aid=440&oid=903&c1=Spiegel&c2=www.spiegel.de&c3=spiegel_140x40&rfanoip=1&url=,200,57,0
http://d1ftymz617zt1b.cloudfront.net/bb-mx/serve/mtrcs_897887.js,200,59200,300
http://de.ioam.de/tx.io?st=spiegel&cp=spon-www-18-0&sv=ke&pt=CP&rf=&r2=&ur=www.spiegel.de&xy=320x480x32&lo=US%2FVirginia&cb=000a&vr=303&id=hyku33&lt=1392238650008&ev=&cs=lfkrd4&mo=1,302,1,0
http://de.ioam.de/tx.io?st=spiegel&cp=spon-www-18-0&sv=ke&pt=CP&rf=&r2=&ur=www.spiegel.de&xy=320x480x32&lo=US%2FVirginia&cb=000a&vr=303&id=hyku33&lt=1392238650008&ev=&cs=lfkrd4&mo=1&sr=71,200,1,0
http://de.ioam.de/tx.io?st=spiegel&cp=spon-www-18-0&sv=ke&pt=CP&rf=&r2=&ur=www.spiegel.de&xy=320x480x32&lo=US%2FVirginia&cb=000a&vr=303&id=hyku33&lt=1392238703332&ev=&cs=9kq4rr&mo=1,302,1,0
http://de.ioam.de/tx.io?st=spiegel&cp=spon-www-18-0&sv=ke&pt=CP&rf=&r2=&ur=www.spiegel.de&xy=320x480x32&lo=US%2FVirginia&cb=000a&vr=303&id=hyku33&lt=1392238703332&ev=&cs=9kq4rr&mo=1&sr=71,200,1,0
http://spiegel.ivwbox.de/blank.gif,200,43,0
http://spiegel.ivwbox.de/cgi-bin/ivw/CP/1001;/home/c-18/be-PB64-aG9tZXBhZ2UvY2VudGVy/szwprofil-1001?r=&d=46559.22537203878,302,1,0
http://spiegel.ivwbox.de/cgi-bin/ivw/CP/1001;/home/c-18/be-PB64-aG9tZXBhZ2UvY2VudGVy/szwprofil-1001?r=&d=63676.7802760005,302,1,0
http://wissen.spiegel.de/wissen/titel/DEIN/2014/2/160/titel.jpg,200,11178,21600
http://wissen.spiegel.de/wissen/titel/SP/2014/7/160/titel.jpg,200,10462,21600
http://wissen.spiegel.de/wissen/titel/SPGE/2014/1/160/titel.jpg,200,13366,21600
http://wissen.spiegel.de/wissen/titel/SPWI/2013/4/160/titel.jpg,200,10174,21600
http://wissen.spiegel.de/wissen/titel/SPX/2014/2/160/titel.jpg,200,7791,21600
http://wissen.spiegel.de/wissen/titel/USP/2014/1/120/titel.jpg,200,7519,21600
http://www.google-analytics.com/__utm.gif?utmwv=5.4.7&utms=1&utmn=1097042098&utmhn=www.spiegel.de&utmcs=ISO-8859-1&utmsr=320x480&utmvp=980x1470&utmsc=32-bit&utmul=en-us&utmje=0&utmfl=-&utmdt=SPIEGEL%20ONLINE%20-%20Nachrichten&utmhid=988839988&utmr=-&utmp=%2F&utmht=1392238681008&utmac=UA-26045149-1&utmcc=__utma%3D159392383.1042329240.1392238681.1392238681.1392238681.1%3B%2B__utmz%3D159392383.1392238681.1.1.utmcsr%3D(direct)%7Cutmccn%3D(direct)%7Cutmcmd%3D(none)%3B&aip=1&utmu=qDQ~,200,35,0
http://www.google-analytics.com/__utm.gif?utmwv=5.4.7&utms=2&utmn=1293799824&utmhn=www.spiegel.de&utmcs=ISO-8859-1&utmsr=320x480&utmvp=980x1470&utmsc=32-bit&utmul=en-us&utmje=0&utmfl=-&utmdt=SPIEGEL%20ONLINE%20-%20Nachrichten&utmhid=1902643909&utmr=-&utmp=%2F&utmht=1392238728420&utmac=UA-26045149-1&utmcc=__utma%3D159392383.1042329240.1392238681.1392238681.1392238681.1%3B%2B__utmz%3D159392383.1392238681.1.1.utmcsr%3D(direct)%7Cutmccn%3D(direct)%7Cutmcmd%3D(none)%3B&aip=1&utmu=qDQ~,200,35,0
http://www.google-analytics.com/ga.js,200,15711,43200
http://www.spiegel.de/,200,39352,90
http://www.spiegel.de/,200,39352,90
http://www.spiegel.de/images/image-654308-custom-qwrr.png,200,33558,259200
http://www.spiegel.de/layout/css/style-V4-7-1.css,200,38592,259200
http://www.spiegel.de/layout/js/http/interface-V4-7-1.js,200,1641,259200
http://www.spiegel.de/layout/js/http/netmind-V4-7-1.js,200,6007,259200
http://www.spiegel.de/layout/jscfg/http/global-V4-7-1.js,200,448,1800
http://www.spiegel.de/static/sys/dimensionspixel.gif,200,49,86400
http://www.spiegel.de/static/sys/pixel.gif,200,43,86400
http://www.spiegel.de/static/sys/v10/bg/bg_footer-partner-sprite.png,200,15235,259200
http://www.spiegel.de/static/sys/v10/bg/bg_header_sprite.png,200,786,259200
http://www.spiegel.de/static/sys/v10/bg/bg_maincontainer_line.gif,200,50,86400
http://www.spiegel.de/static/sys/v10/bg/bg_mainnav.png,200,127,259200
http://www.spiegel.de/static/sys/v10/bg/bg_neg_arrow.png,200,364,259200
http://www.spiegel.de/static/sys/v10/bg/column_sep_border.png,200,82,259200
http://www.spiegel.de/static/sys/v10/bg/icon_nadel_themencrumb_8.png,200,460,259200
http://www.spiegel.de/static/sys/v10/buttons/but_video_2.png,200,1353,259200
http://www.spiegel.de/static/sys/v10/buttons/play-trans_37x37.png,200,791,259200
http://www.spiegel.de/static/sys/v10/buttons/spiegelblog.png,200,1205,259200
http://www.spiegel.de/static/sys/v10/icons/ani-loader_small.gif,200,2545,86400
http://www.spiegel.de/static/sys/v10/icons/ball.png,200,1593,259200
http://www.spiegel.de/static/sys/v10/icons/facebook_14.png,200,286,259200
http://www.spiegel.de/static/sys/v10/icons/googleplus_14.png,200,309,259200
http://www.spiegel.de/static/sys/v10/icons/ic_search_magnifier.png,200,287,259200
http://www.spiegel.de/static/sys/v10/icons/ic_sonne.png,200,790,259200
http://www.spiegel.de/static/sys/v10/icons/twitter_14.png,200,276,259200
http://www.spiegel.de/static/sys/v10/icons/wetter_icons.png,200,2985,259200
http://www.spiegel.de/static/sys/v10/logo/der_spiegel_140-19.png,200,3559,259200
http://www.spiegel.de/static/sys/v10/logo/spiegel_online_logo_460_64.png,200,8072,259200
http://www.spiegel.de/static/sys/v10/misc/kolumnisten_faces.png,200,20192,259200
http://www.spiegel.de/staticgen/boerse/spv10dax320x97.gif,200,6229,61
http://www.spiegel.de/staticgen/boerse/spv10dax320x97.gif,200,4796,61
https://magazin.spiegel.de/EpubDelivery/image/SP/2014/7/img-co-sp-2014-007-0095-01-bi-quer.jpg/web/9a29438c3ba7cd2cc5e3b45b952b8bc1/500,200,86040,21600
https://magazin.spiegel.de/EpubDelivery/image/title/SP/2014/7/160.html,200,18622,86400
https://script.ioam.de/iam.js,200,4350,7200
